TrueAbun,EstF1,StdErrF1,ODTradF1,ODPercF1,EstR1,StdErrR1,ODTradR1,ODPercR1,EstF2,StdErrF2,ODTradF2,ODPercF2,EstR2,StdErrR2,ODTradR2,ODPercR2,EstF3,StdErrF3,ODTradF3,ODPercF3,EstR3,StdErrR3,ODTradR3,ODPercR3,EstF4,StdErrF4,ODTradF4,ODPercF4,EstR4,StdErrR4,ODTradR4,ODPercR4,SRS.Est,SRS.StdErr
1005,999.517198870075,81.4195604450564,1,1.40652869278842,1003.47859259927,63.3494985473094,1,1.39970374386784,999.131075579359,81.3737890389584,1,1.24342586993235,1000.28324341347,60.2804047638108,1,1.44536995836907,1001.22352482754,81.5936452059242,1,1.42812946807474,1000.43093740409,59.0044289055087,1,1.43021919516773,1000.6450695013,81.5324265191511,1,1.41456579834752,1000.41498614415,55.338158926456,1,1.5018722293141,1113.9455782313,146.627206195949
