TrueAbun,SPP1.Est,SPP1.StdErrSpp,SPP1.StdErrGLMM,SPP1.ODTrad,SPP1.ODMed,SPP1.ODGT0,SPP1.ODPerc,SPP2.Est,SPP2.StdErrSpp,SPP2.StdErrGLMM,SPP2.ODTrad,SPP2.ODMed,SPP2.ODGT0,SPP2.ODPerc,SPP3.Est,SPP3.StdErrSpp,SPP3.StdErrGLMM,SPP3.ODTrad,SPP3.ODMed,SPP3.ODGT0,SPP3.ODPerc,SPP4.Est,SPP4.StdErrSpp,SPP4.StdErrGLMM,SPP4.ODTrad,SPP4.ODMed,SPP4.ODGT0,SPP4.ODPerc,SRS.Est,SRS.StdErr
1004,1026.35608356485,58.6692616191663,50.1814781143034,1,1,1.08015495690141,1.44285537689659,1026.08950275963,58.7778522654612,50.3137086821077,1.04611909906882,1,1.09411025179222,1.96795376702827,1025.93025531179,59.059722681125,50.3558246211034,1.1047751366594,1,1.08621324562442,2.89288453199278,1026.0777162046,59.2835532193206,50.2080732602595,1.16012458450472,1,1.06478332660379,6.14365738378084,1024.30555555555,65.4630910393707
982,1008.11732067161,58.1046247349249,49.1428182458832,1,1,1.01747622942554,1,1007.91263420148,58.183503571656,49.2633170279889,1.02404530277177,1,1.02010120874206,1.39950917885695,1007.87767935068,58.3396077577282,48.8184771500407,1.06024230281503,1,1,2.03845983303206,1007.7292192796,58.4589679604363,48.7425661672157,1.119427390393,1,1,4.21626549128615,1006.94444444444,59.0716708521486
